dirty_01,dirty_01,dirty_01,dirty_01,dirty_01,dirty_01,dirty_01,dirty_01,dirty_01,dirty_01,dirty_01,dirty_01,dirty_01,dirty_01,dirty_01,dirty_01,dirty_01,dirty_01,dirty_01,dirty_01
dirty_01,dirty_01,dirty_01,dirty_01,dirty_01,dirty_01,dirty_01,dirty_01,dirty_01,dirty_01,dirty_01,dirty_01,dirty_01,dirty_01,dirty_01,dirty_01,dirty_01,dirty_01,dirty_01,dirty_01
dirty_01,dirty_01,dirty_01,dirty_01,dirty_01,dirty_01,dirty_01,dirty_01,dirty_01,dirty_01,dirty_01,dirty_01,dirty_01,dirty_01,dirty_01,dirty_01,dirty_01,dirty_01,dirty_01,dirty_01
dirty_01,dirty_01,dirty_01,dirty_01,dirty_01,dirty_01,dirty_01,dirty_01,dirty_01,dirty_01,dirty_01,dirty_01,dirty_01,dirty_01,dirty_01,dirty_01,dirty_01,dirty_01,dirty_01,dirty_01
dirty_01,dirty_01,dirty_01,dirty_01,dirty_01,dirty_01,dirty_01,dirty_01,dirty_01,dirty_01,dirty_01,dirty_01,dirty_01,dirty_01,dirty_01,dirty_01,dirty_01,dirty_01,dirty_01,dirty_01
dirty_01,dirty_01,dirty_01,dirty_01,dirty_01,dirty_01,dirty_01,dirty_01,dirty_01,dirty_01,dirty_01,dirty_01,dirty_01,dirty_01,dirty_01,dirty_01,dirty_01,dirty_01,dirty_01,dirty_01
dirty_01,dirty_01,dirty_01,dirty_01,dirty_01,dirty_01,dirty_01,dirty_01,dirty_01,dirty_01,dirty_01,dirty_01,dirty_01,dirty_01,dirty_01,dirty_01,dirty_01,dirty_01,dirty_01,dirty_01
dirty_01,dirty_01,dirty_01,dirty_01,dirty_01,dirty_01,dirty_01,dirty_01,dirty_01,dirty_01,dirty_01,dirty_01,dirty_01,dirty_01,dirty_01,dirty_01,dirty_01,dirty_01,dirty_01,dirty_01
dirty_01,dirty_01,dirty_01,dirty_01,dirty_01,dirty_01,dirty_01,dirty_01,dirty_01,dirty_01,dirty_01,dirty_01,dirty_01,dirty_01,dirty_01,dirty_01,dirty_01,dirty_01,dirty_01,dirty_01
dirty_01,dirty_01,dirty_01,dirty_01,dirty_01,dirty_01,dirty_01,dirty_01,dirty_01,dirty_01,dirty_01,dirty_01,dirty_01,dirty_01,dirty_01,dirty_01,dirty_01,dirty_01,dirty_01,dirty_01
dirty_01,dirty_01,dirty_01,dirty_01,dirty_01,dirty_01,dirty_01,dirty_01,dirty_01,dirty_01,dirty_01,dirty_01,dirty_01,dirty_01,dirty_01,dirty_01,dirty_01,dirty_01,dirty_01,dirty_01
dirty_01,dirty_01,dirty_01,dirty_01,dirty_01,dirty_01,dirty_01,dirty_01,dirty_01,dirty_01,dirty_01,dirty_01,dirty_01,dirty_01,dirty_01,dirty_01,dirty_01,dirty_01,dirty_01,dirty_01
dirty_01,dirty_01,dirty_01,dirty_01,dirty_01,dirty_01,dirty_01,dirty_01,dirty_01,dirty_01,dirty_01,dirty_01,dirty_01,dirty_01,dirty_01,dirty_01,dirty_01,dirty_01,dirty_01,dirty_01
dirty_01,dirty_01,dirty_01,dirty_01,dirty_01,dirty_01,dirty_01,dirty_01,dirty_01,dirty_01,dirty_01,dirty_01,dirty_01,dirty_01,dirty_01,dirty_01,dirty_01,dirty_01,dirty_01,dirty_01
dirty_01,dirty_01,dirty_01,dirty_01,dirty_01,dirty_01,dirty_01,dirty_01,dirty_01,dirty_01,dirty_01,dirty_01,dirty_01,dirty_01,dirty_01,dirty_01,dirty_01,dirty_01,dirty_01,dirty_01
